{"PlayerName":"Player01","Health":98.5999984741211,"PlayerPosition":{"x":157.7100067138672,"y":43.32099914550781,"z":55.529998779296878}}