{"PlayerName":"Player01","Health":98.5,"PlayerPosition":{"x":138.49525451660157,"y":32.41044235229492,"z":-19.867216110229493}}